feature,coef_early,std_err_early,p_value_early,coef_late,std_err_late,p_value_late,diff,p_value_diff,pos_group,n_early,n_late,q_value_diff
z_height_in,0.148829,0.201083,0.459215,0.00951996,0.209491,0.963754,-0.139309,0.631406,QB,132,147,0.952157
z_weight_lb,0.289092,0.177578,0.103531,0.143934,0.20692,0.486677,-0.145158,0.594481,QB,132,147,0.952157
z_forty,0.0890331,0.191579,0.642122,-0.127815,0.167342,0.444988,-0.216848,0.393947,QB,132,147,0.952157
z_vertical,0.228529,0.183442,0.212844,-0.524712,0.221757,0.0179738,-0.753242,0.00886376,QB,132,147,0.30654
z_broad,0.136265,0.191056,0.475709,0.404601,0.207053,0.0506898,0.268336,0.34087,QB,132,147,0.952157
z_cone,0.244911,0.159787,0.12534,0.24079,0.134467,0.0733412,-0.00412142,0.984255,QB,132,147,0.984255
z_shuttle,0.00453563,0.169686,0.978675,0.123147,0.131931,0.350601,0.118612,0.58106,QB,132,147,0.952157
vertical_missing,0.0358098,0.458863,0.937796,1.64683,0.936887,0.0787865,1.61102,0.122521,QB,132,147,0.887735
broad_missing,1.05028,0.550863,0.0565708,-1.43573,0.947128,0.129549,-2.48601,0.0232721,QB,132,147,0.588452
agility_missing,0.0837001,0.460931,0.855905,0.781972,0.469791,0.0960102,0.698272,0.288707,QB,132,147,0.952157
age_at_draft,-0.385737,0.19116,0.043604,-0.84317,0.135846,5.40778e-10,-0.457433,0.0511085,QB,132,147,0.816464
power_conf,0.0566428,0.271079,0.834485,-0.0502559,0.280052,0.857583,-0.106899,0.783879,QB,132,147,0.965569
fbs,0.979656,0.377258,0.00941014,-0.117129,0.695443,0.86625,-1.09679,0.165665,QB,132,147,0.952157
draft_year_c,-0.0476539,0.453362,0.916287,0.489161,0.478486,0.306634,0.536815,0.415417,QB,132,147,0.952157
z_height_in,-0.0348037,0.0797399,0.662499,-0.0473805,0.0693865,0.494702,-0.0125767,0.905289,RB,257,256,0.976558
z_weight_lb,0.188471,0.0997898,0.0589344,0.237425,0.0801975,0.00307142,0.0489534,0.702178,RB,257,256,0.952157
z_forty,0.358204,0.0871171,3.92665e-05,0.221761,0.0670931,0.00094884,-0.136443,0.214657,RB,257,256,0.952157
z_bench,-0.00279811,0.0472611,0.952789,-0.0419291,0.052486,0.42437,-0.039131,0.579552,RB,257,256,0.952157
z_vertical,0.0630567,0.0656403,0.336734,0.0888745,0.105256,0.398468,0.0258178,0.835127,RB,257,256,0.966466
z_broad,0.0978055,0.0682347,0.151752,-0.0313731,0.103819,0.762508,-0.129179,0.298439,RB,257,256,0.952157
z_cone,0.145502,0.0644351,0.023938,0.00859479,0.0747309,0.908437,-0.136908,0.165298,RB,257,256,0.952157
z_shuttle,-0.197332,0.0625775,0.00161376,0.0520651,0.0616318,0.398235,0.249398,0.00451854,RB,257,256,0.266594
bench_missing,0.176731,0.137533,0.198791,0.087581,0.126365,0.48826,-0.0891499,0.633134,RB,257,256,0.952157
vertical_missing,0.247954,0.770277,0.747527,-0.378592,0.37823,0.316847,-0.626546,0.46531,RB,257,256,0.952157
broad_missing,0.0646409,0.744077,0.930772,0.561138,0.348341,0.107204,0.496497,0.54563,RB,257,256,0.952157
agility_missing,-0.0270637,0.12081,0.822744,0.0510965,0.102872,0.619402,0.0781602,0.62231,RB,257,256,0.952157
age_at_draft,-0.241736,0.0553584,1.26116e-05,-0.278358,0.0578711,1.50955e-06,-0.0366222,0.647462,RB,257,256,0.952157
power_conf,0.0366871,0.12911,0.776293,0.122097,0.158302,0.440536,0.0854094,0.675869,RB,257,256,0.952157
fbs,0.34874,0.147617,0.0181544,-0.016206,0.18634,0.930695,-0.364945,0.124746,RB,257,256,0.887735
draft_year_c,-0.412313,0.159491,0.00973289,-0.0621821,0.146164,0.670526,0.350131,0.105564,RB,257,256,0.887735
z_height_in,0.0723736,0.074628,0.332151,0.00123592,0.0661798,0.9851,-0.0711376,0.475726,WR,341,389,0.952157
z_weight_lb,0.109393,0.0741942,0.140369,0.125795,0.071588,0.0788815,0.016402,0.873599,WR,341,389,0.966466
z_forty,0.215839,0.0537223,5.87736e-05,0.212238,0.0469828,6.26174e-06,-0.00360134,0.959755,WR,341,389,0.983292
z_bench,0.0538369,0.0456798,0.238569,0.00928344,0.0472562,0.844259,-0.0445534,0.497851,WR,341,389,0.952157
z_vertical,-0.0142166,0.0488013,0.77081,0.0292622,0.0584863,0.616846,0.0434787,0.568139,WR,341,389,0.952157
z_broad,0.0796024,0.058986,0.177173,0.0158714,0.0575898,0.78286,-0.063731,0.439474,WR,341,389,0.952157
z_cone,0.0667639,0.0498095,0.180121,0.0410082,0.0520977,0.4312,-0.0257557,0.720842,WR,341,389,0.952157
z_shuttle,0.0131777,0.0439481,0.764294,0.0790849,0.0541665,0.144281,0.0659072,0.344726,WR,341,389,0.952157
bench_missing,0.108967,0.131636,0.407788,0.203331,0.101419,0.0449779,0.0943639,0.570129,WR,341,389,0.952157
vertical_missing,0.470619,0.163684,0.00403813,-0.0814458,0.32089,0.79964,-0.552065,0.125386,WR,341,389,0.887735
broad_missing,-0.126666,0.160396,0.4297,0.0470563,0.3161,0.88166,0.173722,0.624067,WR,341,389,0.952157
agility_missing,0.18035,0.128853,0.161616,0.132073,0.10098,0.190904,-0.0482773,0.76807,WR,341,389,0.964173
age_at_draft,-0.232459,0.0399865,6.12015e-09,-0.303036,0.0450883,1.80553e-11,-0.0705763,0.241559,WR,341,389,0.952157
power_conf,0.104852,0.100188,0.295304,0.196381,0.092703,0.0341424,0.0915285,0.502506,WR,341,389,0.952157
fbs,0.347135,0.179572,0.0532202,0.148111,0.298806,0.620124,-0.199025,0.568063,WR,341,389,0.952157
draft_year_c,-0.242647,0.184413,0.188248,-0.129997,0.1342,0.332703,0.11265,0.621364,WR,341,389,0.952157
z_height_in,0.0847785,0.0569374,0.136493,0.0723633,0.0572273,0.206055,-0.0124152,0.877773,TE,147,180,0.966466
z_weight_lb,0.13512,0.0691456,0.0506849,0.070776,0.0678725,0.29705,-0.0643441,0.506633,TE,147,180,0.952157
z_forty,0.290175,0.0832617,0.000491955,0.207681,0.0755619,0.00598711,-0.0824943,0.463136,TE,147,180,0.952157
z_bench,0.119898,0.0661118,0.0697453,0.0904992,0.0541784,0.0948418,-0.0293985,0.730891,TE,147,180,0.958279
z_vertical,0.00353276,0.084141,0.96651,-0.0440814,0.0867295,0.611269,-0.0476142,0.693555,TE,147,180,0.952157
z_broad,0.107943,0.0801666,0.178146,0.124256,0.08655,0.1511,0.0163128,0.890022,TE,147,180,0.966466
z_cone,0.0233376,0.0604654,0.699521,0.0703517,0.0547617,0.198901,0.047014,0.564405,TE,147,180,0.952157
z_shuttle,-0.0677541,0.0684876,0.322522,0.0852641,0.0652411,0.191244,0.153018,0.105721,TE,147,180,0.887735
forty_missing,0.502473,0.871571,0.564268,0.343422,0.178307,0.0541021,-0.159051,0.858107,TE,147,180,0.966466
bench_missing,0.400608,0.16391,0.0145224,0.0561481,0.123513,0.649401,-0.34446,0.0932771,TE,147,180,0.887735
vertical_missing,0.624014,0.462591,0.177352,0.329797,0.183876,0.0728798,-0.294217,0.554495,TE,147,180,0.952157
broad_missing,-0.496516,0.486106,0.307058,-0.0917311,0.164445,0.576966,0.404785,0.430231,TE,147,180,0.952157
agility_missing,-0.0479036,0.20198,0.812525,-0.216317,0.172973,0.211086,-0.168413,0.526529,TE,147,180,0.952157
age_at_draft,-0.0426136,0.0644776,0.508673,-0.213719,0.066115,0.00122698,-0.171105,0.0639128,TE,147,180,0.816464
power_conf,0.262454,0.142851,0.0661721,0.0812751,0.142542,0.568553,-0.181179,0.369293,TE,147,180,0.952157
fbs,0.169671,0.409062,0.678302,0.15784,0.253028,0.532757,-0.0118314,0.980376,TE,147,180,0.984255
draft_year_c,-0.517729,0.192751,0.00723136,-0.159199,0.169358,0.347209,0.35853,0.162317,TE,147,180,0.952157
z_height_in,0.0168943,0.0769797,0.826289,0.00807845,0.0862884,0.92541,-0.0088158,0.93923,OT,206,215,0.977494
z_weight_lb,0.25446,0.105512,0.0158798,0.223429,0.111095,0.0443098,-0.0310312,0.8395,OT,206,215,0.966466
z_forty,0.354413,0.108441,0.00108209,0.315009,0.1078,0.0034762,-0.0394043,0.796636,OT,206,215,0.966381
z_bench,0.0859283,0.109373,0.432077,-0.0288331,0.0799734,0.718448,-0.114761,0.396999,OT,206,215,0.952157
z_vertical,0.00980072,0.0947278,0.917596,0.058696,0.0773481,0.447939,0.0488953,0.689293,OT,206,215,0.952157
z_broad,0.0290852,0.0955525,0.760831,0.131988,0.105306,0.210069,0.102903,0.469268,OT,206,215,0.952157
z_cone,0.0772284,0.122133,0.527169,0.133608,0.115078,0.245632,0.0563797,0.736887,OT,206,215,0.959036
z_shuttle,-0.0595204,0.112075,0.595367,0.0857584,0.118512,0.469294,0.145279,0.37311,OT,206,215,0.952157
bench_missing,-0.070742,0.223697,0.75182,0.114002,0.21117,0.589296,0.184744,0.548141,OT,206,215,0.952157
vertical_missing,0.0812306,0.731867,0.911624,0.14155,0.445596,0.750739,0.0603198,0.943877,OT,206,215,0.977494
broad_missing,0.0795441,0.866966,0.926897,-0.19551,0.49533,0.693059,-0.275054,0.782955,OT,206,215,0.965569
agility_missing,0.16458,0.354343,0.642315,0.0383212,0.216253,0.859347,-0.126259,0.761013,OT,206,215,0.962301
age_at_draft,-0.237707,0.0774683,0.00215182,-0.436945,0.0728699,2.01943e-09,-0.199238,0.0610221,OT,206,215,0.816464
power_conf,0.242335,0.195279,0.214619,0.105817,0.250971,0.673296,-0.136518,0.667698,OT,206,215,0.952157
fbs,0.212457,0.227756,0.35091,0.367247,0.34969,0.293621,0.154791,0.7107,OT,206,215,0.952157
draft_year_c,-0.287551,0.22983,0.210881,-0.4549,0.27555,0.0987629,-0.167349,0.640935,OT,206,215,0.952157
z_height_in,0.0241602,0.0555431,0.663576,0.0126247,0.0499132,0.800319,-0.0115355,0.877234,IOL,209,283,0.966466
z_weight_lb,0.125645,0.0570302,0.027585,0.11883,0.0588106,0.0433256,-0.00681523,0.933699,IOL,209,283,0.977494
z_forty,0.125247,0.0560381,0.0254157,0.18134,0.0615023,0.00319308,0.0560935,0.500201,IOL,209,283,0.952157
z_bench,0.0521135,0.0473107,0.270672,0.0282861,0.0561561,0.61447,-0.0238275,0.745562,IOL,209,283,0.962301
z_vertical,0.0611514,0.0735274,0.405589,0.085063,0.0625417,0.173798,0.0239116,0.804354,IOL,209,283,0.966466
z_broad,0.00407593,0.0838393,0.961225,0.0794109,0.0758549,0.295155,0.075335,0.505209,IOL,209,283,0.952157
z_cone,0.056906,0.0807528,0.481001,0.0354344,0.0599197,0.554275,-0.0214715,0.830914,IOL,209,283,0.966466
z_shuttle,-0.053435,0.0793988,0.50095,0.00865929,0.0753716,0.908534,0.0620943,0.570582,IOL,209,283,0.952157
forty_missing,-0.258558,8.00245,0.974225,0.300074,0.167484,0.0731873,0.558632,0.944359,IOL,209,283,0.977494
bench_missing,0.145123,0.165803,0.381423,-0.0516792,0.137816,0.707669,-0.196803,0.361342,IOL,209,283,0.952157
vertical_missing,0.393213,0.36674,0.283637,0.373097,0.310868,0.230069,-0.0201155,0.966626,IOL,209,283,0.983292
broad_missing,-0.813596,0.437313,0.0628229,-0.524325,0.305944,0.086567,0.28927,0.587818,IOL,209,283,0.952157
agility_missing,0.29315,0.322905,0.363957,0.0185218,0.117615,0.874868,-0.274628,0.424215,IOL,209,283,0.952157
age_at_draft,-0.0610918,0.0643114,0.342144,-0.196981,0.0580809,0.000695139,-0.135889,0.11685,IOL,209,283,0.887735
power_conf,0.235782,0.123841,0.0569227,0.0889459,0.136941,0.516001,-0.146836,0.426447,IOL,209,283,0.952157
fbs,-0.0134508,0.220685,0.951399,0.266094,0.190649,0.162796,0.279545,0.337783,IOL,209,283,0.952157
draft_year_c,0.0294556,0.150709,0.845043,-0.464578,0.202873,0.0220219,-0.494034,0.0506051,IOL,209,283,0.816464
z_height_in,0.125275,0.0640502,0.0504788,0.166415,0.0630101,0.00826399,0.0411405,0.647032,EDGE,293,354,0.952157
z_weight_lb,0.227091,0.0780415,0.00361573,0.211422,0.0644682,0.00103998,-0.0156689,0.876986,EDGE,293,354,0.966466
z_forty,0.508162,0.0659735,1.3341e-14,0.319674,0.0777744,3.95202e-05,-0.188489,0.0645791,EDGE,293,354,0.816464
z_bench,0.0465065,0.0559512,0.405863,0.0580109,0.0563234,0.303028,0.0115045,0.884782,EDGE,293,354,0.966466
z_vertical,-0.153608,0.0774121,0.0472236,0.055915,0.0648349,0.388456,0.209523,0.037989,EDGE,293,354,0.747118
z_broad,0.198704,0.0958772,0.0382199,0.0523417,0.0730725,0.473807,-0.146363,0.224696,EDGE,293,354,0.952157
z_cone,0.153576,0.0690499,0.0261395,0.0122555,0.0689329,0.858888,-0.141321,0.147499,EDGE,293,354,0.952157
z_shuttle,-0.0152067,0.0745348,0.838337,0.111172,0.0599128,0.0635147,0.126379,0.186318,EDGE,293,354,0.952157
bench_missing,0.411503,0.16374,0.011966,0.211068,0.129491,0.103105,-0.200435,0.336983,EDGE,293,354,0.952157
vertical_missing,0.125134,0.336777,0.710219,0.50356,0.203708,0.013437,0.378427,0.336318,EDGE,293,354,0.952157
broad_missing,0.0464883,0.335547,0.88981,-0.0569594,0.178749,0.749987,-0.103448,0.785548,EDGE,293,354,0.965569
agility_missing,-0.147609,0.232848,0.526127,-0.299796,0.134966,0.0263331,-0.152186,0.571759,EDGE,293,354,0.952157
age_at_draft,-0.223368,0.0590252,0.000154151,-0.358775,0.0609231,3.8859e-09,-0.135407,0.110428,EDGE,293,354,0.887735
power_conf,-0.0101387,0.160097,0.949505,-0.0196667,0.144427,0.891687,-0.00952798,0.964753,EDGE,293,354,0.983292
fbs,0.66327,0.221542,0.00275462,0.52471,0.197422,0.00786517,-0.138559,0.640547,EDGE,293,354,0.952157
draft_year_c,-0.265263,0.162167,0.101893,-0.151177,0.167111,0.365652,0.114086,0.624181,EDGE,293,354,0.952157
z_height_in,0.0815142,0.0768023,0.288531,0.0443874,0.0597167,0.457301,-0.0371268,0.702741,IDL,229,263,0.952157
z_weight_lb,0.285039,0.0903682,0.00160943,0.1992,0.0704632,0.0046985,-0.0858388,0.45381,IDL,229,263,0.952157
z_forty,0.255207,0.0824825,0.00197431,0.144122,0.082508,0.080678,-0.111084,0.341017,IDL,229,263,0.952157
z_bench,0.167332,0.0714517,0.0191864,0.0770471,0.0517752,0.136722,-0.0902849,0.306217,IDL,229,263,0.952157
z_vertical,0.0030679,0.104159,0.976502,-0.00703737,0.0693655,0.919191,-0.0101053,0.935641,IDL,229,263,0.977494
z_broad,0.065892,0.101597,0.516622,0.196456,0.079241,0.0131671,0.130564,0.310899,IDL,229,263,0.952157
z_cone,0.42018,0.0920117,4.95727e-06,0.00487039,0.0677138,0.942661,-0.415309,0.00027762,IDL,229,263,0.0491387
z_shuttle,-0.339332,0.0931834,0.000271005,-0.0234426,0.0603608,0.697738,0.315889,0.00443828,IDL,229,263,0.266594
bench_missing,0.0636315,0.160371,0.691532,0.146205,0.142047,0.303351,0.082574,0.699913,IDL,229,263,0.952157
vertical_missing,0.1294,0.293386,0.659171,-0.103213,0.225717,0.64748,-0.232613,0.529742,IDL,229,263,0.952157
broad_missing,0.316501,0.368195,0.390009,-0.0313058,0.211709,0.882444,-0.347807,0.412841,IDL,229,263,0.952157
agility_missing,-0.290992,0.19512,0.135871,0.0586752,0.145984,0.687736,0.349667,0.151315,IDL,229,263,0.952157
age_at_draft,-0.270443,0.0658111,3.96709e-05,-0.227465,0.0590013,0.000115612,0.0429787,0.626786,IDL,229,263,0.952157
power_conf,0.333615,0.176044,0.0580841,0.273322,0.18133,0.131729,-0.0602922,0.811444,IDL,229,263,0.966466
fbs,0.591359,3.214,0.854017,0.228482,0.238561,0.33819,-0.362878,0.910351,IDL,229,263,0.976558
draft_year_c,-0.631843,0.208274,0.00241565,-0.345634,0.18205,0.0576223,0.286209,0.30083,IDL,229,263,0.952157
z_height_in,-0.0503825,0.0547667,0.3576,0.079671,0.0542152,0.141689,0.130053,0.0914826,LB,251,259,0.887735
z_weight_lb,0.106562,0.061693,0.0841147,0.136489,0.0542842,0.0119255,0.029927,0.71572,LB,251,259,0.952157
z_forty,0.212538,0.0605073,0.00044375,0.257437,0.0694278,0.000208914,0.0448996,0.625877,LB,251,259,0.952157
z_bench,-0.0411814,0.0459538,0.370174,-0.0129649,0.0402458,0.747344,0.0282165,0.644142,LB,251,259,0.952157
z_vertical,0.0665022,0.0740431,0.369102,0.0164474,0.0679495,0.808738,-0.0500548,0.61843,LB,251,259,0.952157
z_broad,0.0348235,0.0867445,0.68809,0.0725754,0.0852635,0.394664,0.0377519,0.756275,LB,251,259,0.962301
z_cone,0.00353471,0.0487113,0.942153,0.102304,0.0574272,0.0748385,0.0987692,0.189653,LB,251,259,0.952157
z_shuttle,0.0266493,0.0531473,0.616073,-0.0617348,0.0575111,0.283074,-0.0883841,0.259037,LB,251,259,0.952157
bench_missing,0.110174,0.143064,0.441237,0.146295,0.108603,0.177961,0.0361206,0.840621,LB,251,259,0.966466
vertical_missing,0.146375,0.209842,0.48546,-0.0776008,0.186453,0.677268,-0.223976,0.424936,LB,251,259,0.952157
broad_missing,-0.0177667,0.184095,0.923117,0.424053,0.196486,0.0309139,0.44182,0.100818,LB,251,259,0.887735
agility_missing,0.00315479,0.119297,0.978903,-0.175403,0.114479,0.125479,-0.178557,0.280169,LB,251,259,0.952157
age_at_draft,-0.14528,0.0542593,0.00741709,-0.240521,0.0466643,2.54622e-07,-0.0952404,0.183251,LB,251,259,0.952157
power_conf,0.239767,0.110042,0.0293413,0.117805,0.137679,0.392192,-0.121962,0.488951,LB,251,259,0.952157
fbs,0.0252696,0.203998,0.901417,0.00643944,0.541957,0.99052,-0.0188301,0.974059,LB,251,259,0.984255
draft_year_c,-0.279472,0.133857,0.0368122,-0.347003,0.1773,0.0503299,-0.0675311,0.761142,LB,251,259,0.962301
z_height_in,0.092698,0.058634,0.113887,0.124562,0.0560571,0.0262801,0.0318635,0.694468,CB,289,342,0.952157
z_weight_lb,0.164209,0.0555535,0.0031178,-0.0436199,0.0590891,0.460389,-0.207829,0.0103912,CB,289,342,0.30654
z_forty,0.245352,0.0469853,1.771e-07,0.164859,0.0488644,0.000741373,-0.0804933,0.235066,CB,289,342,0.952157
z_bench,0.0737263,0.0354688,0.0376518,0.0252919,0.0480497,0.598632,-0.0484344,0.417373,CB,289,342,0.952157
z_vertical,-0.0139869,0.0560274,0.802863,0.034865,0.0516065,0.4993,0.0488519,0.521309,CB,289,342,0.952157
z_broad,0.0986663,0.0622395,0.112905,0.173493,0.0581022,0.00282656,0.0748265,0.379501,CB,289,342,0.952157
z_cone,0.0571949,0.0553181,0.30117,0.013457,0.0467798,0.773602,-0.0437379,0.546023,CB,289,342,0.952157
z_shuttle,0.0589602,0.0579105,0.308618,0.0089011,0.0487207,0.855036,-0.0500591,0.508314,CB,289,342,0.952157
bench_missing,-0.0230671,0.132288,0.861575,0.0467139,0.111892,0.67632,0.069781,0.687135,CB,289,342,0.952157
vertical_missing,0.348526,0.29517,0.237698,0.319697,0.156819,0.0414865,-0.028829,0.931266,CB,289,342,0.977494
broad_missing,-0.161211,0.300144,0.591191,-0.245911,0.135927,0.0704291,-0.0847002,0.797128,CB,289,342,0.966381
agility_missing,0.033578,0.113637,0.767624,0.15449,0.116319,0.184126,0.120912,0.45715,CB,289,342,0.952157
age_at_draft,-0.121261,0.0530284,0.0222127,-0.269606,0.0447162,1.64704e-09,-0.148346,0.0324672,CB,289,342,0.718337
power_conf,0.351559,0.112012,0.00169766,0.125105,0.135227,0.354889,-0.226454,0.197173,CB,289,342,0.952157
fbs,0.0374545,0.156158,0.810446,0.293502,0.159292,0.0653955,0.256048,0.251031,CB,289,342,0.952157
draft_year_c,-0.419529,0.139918,0.00271416,-0.504124,0.146351,0.000571877,-0.084595,0.676089,CB,289,342,0.952157
z_height_in,-0.0337457,0.058505,0.564074,-0.0453412,0.0522188,0.385234,-0.0115956,0.882449,S,208,249,0.966466
z_weight_lb,0.0677059,0.0791812,0.392509,0.0512757,0.0501789,0.306848,-0.0164302,0.860867,S,208,249,0.966466
z_forty,0.297415,0.0634797,2.79694e-06,0.188137,0.0486497,0.0001101,-0.109277,0.171831,S,208,249,0.952157
z_bench,-0.00366493,0.0655812,0.955434,-0.0997961,0.0490411,0.0418558,-0.0961312,0.24043,S,208,249,0.952157
z_vertical,-0.00890067,0.0745744,0.904996,0.0941216,0.0677953,0.165039,0.103022,0.306685,S,208,249,0.952157
z_broad,-0.00640146,0.0687927,0.92586,0.0747171,0.0637626,0.241277,0.0811185,0.387138,S,208,249,0.952157
z_cone,0.15179,0.0594352,0.0106531,0.00884,0.06201,0.886639,-0.14295,0.0960599,S,208,249,0.887735
z_shuttle,0.0419527,0.0599464,0.484029,0.0212806,0.0643473,0.74086,-0.0206721,0.814162,S,208,249,0.966466
forty_missing,-1.22864,3.34181,0.713128,-0.00798844,0.116129,0.945157,1.22065,0.715076,S,208,249,0.952157
bench_missing,0.339914,0.196704,0.0839792,0.105488,0.103983,0.310357,-0.234426,0.292059,S,208,249,0.952157
vertical_missing,-0.0688341,0.268051,0.797338,-0.121577,0.262786,0.643618,-0.0527429,0.88826,S,208,249,0.966466
broad_missing,-0.0134971,0.244095,0.955904,0.277877,0.263551,0.291719,0.291374,0.417296,S,208,249,0.952157
agility_missing,0.228089,0.159042,0.151532,-0.000203805,0.128392,0.998733,-0.228292,0.264038,S,208,249,0.952157
age_at_draft,-0.169966,0.0615999,0.00579451,-0.241408,0.0503213,1.60789e-06,-0.0714427,0.369086,S,208,249,0.952157
power_conf,0.0339007,0.125891,0.78771,0.105702,0.155651,0.497077,0.0718014,0.719844,S,208,249,0.952157
fbs,0.641446,0.21768,0.0032114,-0.231446,0.261312,0.375775,-0.872892,0.010271,S,208,249,0.30654
draft_year_c,-0.104361,0.194556,0.591677,-0.297497,0.142165,0.0363834,-0.193136,0.42283,S,208,249,0.952157
