feature,coef,std_err,p_value,pos_group,target,n,r2,q_value
z_height_in,0.0631718,0.138761,0.648925,QB,log_pick,279,0.278793,0.772056
z_weight_lb,0.19547,0.132084,0.138904,QB,log_pick,279,0.278793,0.273374
z_forty,0.0299109,0.120608,0.804135,QB,log_pick,279,0.278793,0.873937
z_vertical,-0.12365,0.138497,0.371962,QB,log_pick,279,0.278793,0.533435
z_broad,0.243772,0.139746,0.0810903,QB,log_pick,279,0.278793,0.195441
z_cone,0.310346,0.086818,0.000350663,QB,log_pick,279,0.278793,0.00233084
z_shuttle,0.0272353,0.0976174,0.780245,QB,log_pick,279,0.278793,0.864343
forty_missing,0.0546997,0.340123,0.872233,QB,log_pick,279,0.278793,0.906534
vertical_missing,0.507772,0.442539,0.251214,QB,log_pick,279,0.278793,0.404126
broad_missing,0.395513,0.463301,0.393279,QB,log_pick,279,0.278793,0.559666
agility_missing,0.156526,0.285312,0.583271,QB,log_pick,279,0.278793,0.734049
age_at_draft,-0.584917,0.120903,1.31203e-06,QB,log_pick,279,0.278793,1.4278e-05
power_conf,0.119257,0.189266,0.528627,QB,log_pick,279,0.278793,0.682555
fbs,0.29079,0.393074,0.459431,QB,log_pick,279,0.278793,0.6204
draft_year_c,-0.09059,0.150346,0.546812,QB,log_pick,279,0.278793,0.697656
z_height_in,0.601663,0.148399,5.0273e-05,QB,drafted,477,0.145879,0.000546718
z_weight_lb,0.0957961,0.165978,0.563832,QB,drafted,477,0.145879,0.700762
z_forty,0.0694963,0.146016,0.634111,QB,drafted,477,0.145879,0.752117
z_vertical,0.229505,0.155964,0.141148,QB,drafted,477,0.145879,0.318162
z_broad,-0.19655,0.164473,0.232075,QB,drafted,477,0.145879,0.416299
z_cone,0.083839,0.136504,0.539093,QB,drafted,477,0.145879,0.681128
z_shuttle,0.354666,0.13577,0.00899463,QB,drafted,477,0.145879,0.0539678
forty_missing,1.27769,0.500098,0.0106226,QB,drafted,477,0.145879,0.0611765
vertical_missing,0.613306,0.674567,0.363252,QB,drafted,477,0.145879,0.548877
broad_missing,-0.133062,0.656345,0.839345,QB,drafted,477,0.145879,0.912787
agility_missing,0.01486,0.337161,0.964845,QB,drafted,477,0.145879,0.986303
power_conf,0.512331,0.244257,0.0359488,QB,drafted,477,0.145879,0.139002
fbs,1.21407,0.407116,0.00286246,QB,drafted,477,0.145879,0.0207528
draft_year_c,-0.154406,0.181331,0.394484,QB,drafted,477,0.145879,0.558051
z_height_in,0.214528,0.0954741,0.0246414,QB,draft_capital,477,0.194882,0.0691549
z_weight_lb,0.224708,0.0971967,0.0207836,QB,draft_capital,477,0.194882,0.0634446
z_forty,0.181274,0.0956442,0.0580535,QB,draft_capital,477,0.194882,0.134684
z_vertical,-0.0206579,0.0926866,0.82363,QB,draft_capital,477,0.194882,0.907035
z_broad,0.0719634,0.0900796,0.424356,QB,draft_capital,477,0.194882,0.581401
z_cone,0.231113,0.0679454,0.000670287,QB,draft_capital,477,0.194882,0.00416536
z_shuttle,0.00842437,0.0747987,0.910326,QB,draft_capital,477,0.194882,0.942838
forty_missing,0.601747,0.307207,0.0501401,QB,draft_capital,477,0.194882,0.117897
vertical_missing,0.240375,0.292489,0.411176,QB,draft_capital,477,0.194882,0.567815
broad_missing,0.475703,0.288501,0.0991726,QB,draft_capital,477,0.194882,0.207904
agility_missing,-0.018375,0.195064,0.92495,QB,draft_capital,477,0.194882,0.952316
power_conf,0.264236,0.134855,0.0500643,QB,draft_capital,477,0.194882,0.117897
fbs,0.428545,0.190326,0.0243455,QB,draft_capital,477,0.194882,0.0691549
draft_year_c,-0.167299,0.095355,0.0793479,QB,draft_capital,477,0.194882,0.177007
z_height_in,-0.0357719,0.0514889,0.487212,RB,log_pick,513,0.297384,0.646849
z_weight_lb,0.205861,0.0639047,0.00127576,RB,log_pick,513,0.297384,0.00694166
z_forty,0.28733,0.0507167,1.4669e-08,RB,log_pick,513,0.297384,2.08751e-07
z_bench,-0.0149817,0.0343742,0.662952,RB,log_pick,513,0.297384,0.781185
z_vertical,0.0544816,0.0517606,0.292539,RB,log_pick,513,0.297384,0.436948
z_broad,0.0700916,0.053288,0.188397,RB,log_pick,513,0.297384,0.339649
z_cone,0.0857823,0.0424549,0.0433263,RB,log_pick,513,0.297384,0.12928
z_shuttle,-0.0791911,0.0444544,0.074847,RB,log_pick,513,0.297384,0.187117
forty_missing,-0.225598,0.163764,0.168333,RB,log_pick,513,0.297384,0.316494
bench_missing,0.134198,0.0823273,0.103089,RB,log_pick,513,0.297384,0.2271
vertical_missing,-0.211485,0.328369,0.519544,RB,log_pick,513,0.297384,0.676871
broad_missing,0.505292,0.312835,0.106266,RB,log_pick,513,0.297384,0.2271
agility_missing,0.0360955,0.0739131,0.625301,RB,log_pick,513,0.297384,0.766098
age_at_draft,-0.265766,0.0378256,2.12413e-12,RB,log_pick,513,0.297384,7.85928e-11
power_conf,0.0663599,0.0960216,0.489507,RB,log_pick,513,0.297384,0.646849
fbs,0.267629,0.111648,0.0165259,RB,log_pick,513,0.297384,0.0636938
draft_year_c,-0.257151,0.057389,7.4346e-06,RB,log_pick,513,0.297384,6.54953e-05
z_height_in,-0.0924137,0.10582,0.382493,RB,drafted,901,0.147023,0.550031
z_weight_lb,0.784833,0.139786,1.97077e-08,RB,drafted,901,0.147023,3.42915e-07
z_forty,0.997755,0.121186,1.82244e-16,RB,drafted,901,0.147023,1.05702e-14
z_bench,0.0548761,0.0860525,0.523666,RB,drafted,901,0.147023,0.669984
z_vertical,-0.159005,0.101459,0.117071,RB,drafted,901,0.147023,0.295221
z_broad,0.282738,0.11978,0.0182514,RB,drafted,901,0.147023,0.0882153
z_cone,0.0571191,0.111364,0.608017,RB,drafted,901,0.147023,0.7407
z_shuttle,0.136768,0.101799,0.179105,RB,drafted,901,0.147023,0.371004
forty_missing,0.167474,0.330681,0.612539,RB,drafted,901,0.147023,0.7407
bench_missing,0.0518589,0.176566,0.76898,RB,drafted,901,0.147023,0.857709
vertical_missing,-0.383158,0.488318,0.43266,RB,drafted,901,0.147023,0.583588
broad_missing,-0.0113951,0.469447,0.980634,RB,drafted,901,0.147023,0.986303
agility_missing,0.00459094,0.184188,0.980115,RB,drafted,901,0.147023,0.986303
power_conf,0.354307,0.189865,0.0620277,RB,drafted,901,0.147023,0.203638
fbs,0.81208,0.328764,0.0135076,RB,drafted,901,0.147023,0.0691273
draft_year_c,-0.206243,0.12244,0.0920957,RB,drafted,901,0.147023,0.253586
z_height_in,-0.0531701,0.0376902,0.158329,RB,draft_capital,901,0.238807,0.284012
z_weight_lb,0.284511,0.0484974,4.45038e-09,RB,draft_capital,901,0.238807,5.95666e-08
z_forty,0.383476,0.0397692,5.287e-22,RB,draft_capital,901,0.238807,2.29984e-20
z_bench,-0.0184134,0.0263885,0.485313,RB,draft_capital,901,0.238807,0.634921
z_vertical,-0.000792636,0.0380191,0.983367,RB,draft_capital,901,0.238807,0.989051
z_broad,0.106688,0.0390809,0.00633492,RB,draft_capital,901,0.238807,0.0275506
z_cone,0.0512296,0.03414,0.133465,RB,draft_capital,901,0.238807,0.24971
z_shuttle,-0.0320502,0.0324664,0.323553,RB,draft_capital,901,0.238807,0.488725
forty_missing,-0.0478532,0.116543,0.681362,RB,draft_capital,901,0.238807,0.789296
bench_missing,0.0990178,0.0635409,0.119154,RB,draft_capital,901,0.238807,0.235601
vertical_missing,-0.286523,0.224935,0.202733,RB,draft_capital,901,0.238807,0.341785
broad_missing,0.355184,0.21766,0.102716,RB,draft_capital,901,0.238807,0.212383
agility_missing,0.030626,0.0556942,0.582391,RB,draft_capital,901,0.238807,0.707325
power_conf,0.117986,0.0647626,0.0684812,RB,draft_capital,901,0.238807,0.156786
fbs,0.285862,0.0788497,0.000288515,RB,draft_capital,901,0.238807,0.00185932
draft_year_c,-0.164927,0.0429212,0.000121766,RB,draft_capital,901,0.238807,0.00100892
z_height_in,0.0331949,0.0485224,0.493902,WR,log_pick,730,0.252011,0.648028
z_weight_lb,0.113877,0.0511968,0.026129,WR,log_pick,730,0.252011,0.0895161
z_forty,0.20868,0.0340706,9.07151e-10,WR,log_pick,730,0.252011,2.39747e-08
z_bench,0.0231929,0.0313232,0.459035,WR,log_pick,730,0.252011,0.6204
z_vertical,0.000887965,0.0373151,0.981015,WR,log_pick,730,0.252011,0.991736
z_broad,0.0611507,0.0399356,0.125712,WR,log_pick,730,0.252011,0.250072
z_cone,0.0551599,0.0340765,0.10551,WR,log_pick,730,0.252011,0.2271
z_shuttle,0.0457372,0.0339872,0.178394,WR,log_pick,730,0.252011,0.326762
forty_missing,0.420278,0.200729,0.036281,WR,log_pick,730,0.252011,0.113762
bench_missing,0.164798,0.0705517,0.0194996,WR,log_pick,730,0.252011,0.0707339
vertical_missing,0.285646,0.141214,0.0430949,WR,log_pick,730,0.252011,0.12928
broad_missing,-0.0466395,0.132917,0.725669,WR,log_pick,730,0.252011,0.844332
agility_missing,0.167806,0.0771157,0.0295526,WR,log_pick,730,0.252011,0.0959162
age_at_draft,-0.275629,0.0296814,1.59824e-20,WR,log_pick,730,0.252011,2.95675e-18
power_conf,0.147055,0.0669395,0.0280318,WR,log_pick,730,0.252011,0.0926051
fbs,0.264135,0.14013,0.0594389,WR,log_pick,730,0.252011,0.159365
draft_year_c,-0.12973,0.0521129,0.0127954,WR,log_pick,730,0.252011,0.0526033
z_height_in,-0.200535,0.0976087,0.0399296,WR,drafted,1247,0.162352,0.149523
z_weight_lb,0.310741,0.100431,0.00197419,WR,drafted,1247,0.162352,0.0171755
z_forty,0.92096,0.0834283,2.47971e-28,WR,drafted,1247,0.162352,4.3147e-26
z_bench,0.069682,0.0687016,0.310454,WR,drafted,1247,0.162352,0.495587
z_vertical,0.00523668,0.0892874,0.953231,WR,drafted,1247,0.162352,0.984286
z_broad,0.119257,0.0943892,0.206423,WR,drafted,1247,0.162352,0.398713
z_cone,0.194368,0.0796628,0.0146921,WR,drafted,1247,0.162352,0.0730407
z_shuttle,0.124743,0.0808194,0.122715,WR,drafted,1247,0.162352,0.300864
forty_missing,-0.287621,0.272677,0.291515,WR,drafted,1247,0.162352,0.487727
bench_missing,0.0802334,0.15068,0.594397,WR,drafted,1247,0.162352,0.733512
vertical_missing,-0.333892,0.320521,0.297543,WR,drafted,1247,0.162352,0.488419
broad_missing,0.322387,0.308094,0.295382,WR,drafted,1247,0.162352,0.488419
agility_missing,0.273008,0.16288,0.0937136,WR,drafted,1247,0.162352,0.253586
power_conf,0.243964,0.158083,0.122766,WR,drafted,1247,0.162352,0.300864
fbs,0.848751,0.278276,0.00228814,WR,drafted,1247,0.162352,0.0189589
draft_year_c,-0.357468,0.109495,0.00109577,WR,drafted,1247,0.162352,0.010035
z_height_in,-0.0194817,0.0345462,0.572799,WR,draft_capital,1247,0.213569,0.706859
z_weight_lb,0.15496,0.0382969,5.20379e-05,WR,draft_capital,1247,0.213569,0.00045273
z_forty,0.33144,0.0259456,2.27817e-37,WR,draft_capital,1247,0.213569,3.96401e-35
z_bench,0.0165272,0.0247821,0.504834,WR,draft_capital,1247,0.213569,0.64199
z_vertical,0.00242466,0.029697,0.934928,WR,draft_capital,1247,0.213569,0.954455
z_broad,0.0629313,0.0317505,0.047473,WR,draft_capital,1247,0.213569,0.114726
z_cone,0.040852,0.0251097,0.10375,WR,draft_capital,1247,0.213569,0.212383
z_shuttle,0.0358836,0.0274664,0.191399,WR,draft_capital,1247,0.213569,0.329736
forty_missing,0.112798,0.151855,0.457603,WR,draft_capital,1247,0.213569,0.622055
bench_missing,0.09507,0.0557528,0.0881561,WR,draft_capital,1247,0.213569,0.190779
vertical_missing,0.143237,0.122741,0.243216,WR,draft_capital,1247,0.213569,0.39551
broad_missing,0.0597974,0.114658,0.601998,WR,draft_capital,1247,0.213569,0.71745
agility_missing,0.152915,0.0601354,0.0109955,WR,draft_capital,1247,0.213569,0.0407067
power_conf,0.191772,0.0514637,0.000194268,WR,draft_capital,1247,0.213569,0.00135211
fbs,0.285806,0.0765019,0.000187022,WR,draft_capital,1247,0.213569,0.00135211
draft_year_c,-0.136739,0.0420164,0.00113625,WR,draft_capital,1247,0.213569,0.00659024
z_height_in,0.0629313,0.0388312,0.105096,TE,log_pick,327,0.282997,0.2271
z_weight_lb,0.123216,0.0452457,0.0064639,TE,log_pick,327,0.282997,0.0291664
z_forty,0.217976,0.0522637,3.03681e-05,TE,log_pick,327,0.282997,0.000234087
z_bench,0.0674633,0.0387822,0.0819396,TE,log_pick,327,0.282997,0.195441
z_vertical,-0.0195678,0.0578835,0.735321,TE,log_pick,327,0.282997,0.848691
z_broad,0.150352,0.0595223,0.0115376,TE,log_pick,327,0.282997,0.0485104
z_cone,0.0378606,0.0370487,0.306822,TE,log_pick,327,0.282997,0.446945
z_shuttle,0.0200697,0.0443696,0.651031,TE,log_pick,327,0.282997,0.772056
forty_missing,0.34856,0.156205,0.0256531,TE,log_pick,327,0.282997,0.0895161
bench_missing,0.184402,0.0939162,0.0495913,TE,log_pick,327,0.282997,0.142629
vertical_missing,0.409512,0.20428,0.0449988,TE,log_pick,327,0.282997,0.132139
broad_missing,-0.22462,0.200811,0.263325,TE,log_pick,327,0.282997,0.416368
agility_missing,-0.130358,0.119521,0.275419,TE,log_pick,327,0.282997,0.424604
age_at_draft,-0.180437,0.0431808,2.93242e-05,TE,log_pick,327,0.282997,0.000234087
power_conf,0.146416,0.0954983,0.125232,TE,log_pick,327,0.282997,0.250072
fbs,0.0545828,0.168912,0.746587,TE,log_pick,327,0.282997,0.852584
draft_year_c,-0.181915,0.0591226,0.00209161,TE,log_pick,327,0.282997,0.0101828
z_height_in,0.199559,0.120326,0.0972191,TE,drafted,512,0.154068,0.253586
z_weight_lb,0.286677,0.173074,0.0976453,TE,drafted,512,0.154068,0.253586
z_forty,0.92467,0.164204,1.78942e-08,TE,drafted,512,0.154068,3.42915e-07
z_bench,0.14672,0.121224,0.226157,TE,drafted,512,0.154068,0.416299
z_vertical,0.149851,0.162127,0.355338,TE,drafted,512,0.154068,0.542358
z_broad,-0.0250992,0.176238,0.886751,TE,drafted,512,0.154068,0.946593
z_cone,-0.0210338,0.135755,0.876869,TE,drafted,512,0.154068,0.941822
z_shuttle,0.177482,0.130928,0.175235,TE,drafted,512,0.154068,0.36736
forty_missing,-0.0215153,0.389968,0.956002,TE,drafted,512,0.154068,0.984286
bench_missing,-0.213741,0.259801,0.410674,TE,drafted,512,0.154068,0.575452
vertical_missing,-1.05727,0.725931,0.145274,TE,drafted,512,0.154068,0.318162
broad_missing,1.3171,0.692271,0.0570951,TE,drafted,512,0.154068,0.194795
agility_missing,-0.417068,0.318788,0.190773,TE,drafted,512,0.154068,0.387938
power_conf,0.56083,0.26151,0.0319865,TE,drafted,512,0.154068,0.128216
fbs,0.817299,0.458998,0.0749752,TE,drafted,512,0.154068,0.228872
draft_year_c,-0.263194,0.179235,0.141988,TE,drafted,512,0.154068,0.318162
z_height_in,0.0767752,0.0334312,0.0216465,TE,draft_capital,512,0.247807,0.0644681
z_weight_lb,0.0992241,0.0489763,0.0427688,TE,draft_capital,512,0.247807,0.104814
z_forty,0.29106,0.0451875,1.18557e-10,TE,draft_capital,512,0.247807,2.29211e-09
z_bench,0.0756878,0.032345,0.019283,TE,draft_capital,512,0.247807,0.059915
z_vertical,-0.00608803,0.0492177,0.901556,TE,draft_capital,512,0.247807,0.941119
z_broad,0.11405,0.0529327,0.0311914,TE,draft_capital,512,0.247807,0.0834971
z_cone,0.0248054,0.0348299,0.476349,TE,draft_capital,512,0.247807,0.634921
z_shuttle,0.00289871,0.0372658,0.937999,TE,draft_capital,512,0.247807,0.954455
forty_missing,0.122533,0.132459,0.354933,TE,draft_capital,512,0.247807,0.505809
bench_missing,0.0594674,0.0829135,0.473237,TE,draft_capital,512,0.247807,0.634921
vertical_missing,0.191245,0.191775,0.318649,TE,draft_capital,512,0.247807,0.486359
broad_missing,-0.0268933,0.189176,0.886954,TE,draft_capital,512,0.247807,0.941119
agility_missing,-0.14573,0.0985756,0.139312,TE,draft_capital,512,0.247807,0.257876
power_conf,0.193511,0.075653,0.0105312,TE,draft_capital,512,0.247807,0.0398354
fbs,0.254729,0.121172,0.0355353,TE,draft_capital,512,0.247807,0.092445
draft_year_c,-0.163947,0.0557156,0.00325507,TE,draft_capital,512,0.247807,0.0157328
z_height_in,0.0105638,0.0535296,0.843557,OT,log_pick,421,0.260988,0.886694
z_weight_lb,0.243888,0.0722406,0.000735333,OT,log_pick,421,0.260988,0.00425114
z_forty,0.328001,0.0715828,4.6029e-06,OT,log_pick,421,0.260988,4.25768e-05
z_bench,0.051536,0.0665035,0.438377,OT,log_pick,421,0.260988,0.605223
z_vertical,0.00792257,0.0591221,0.8934,OT,log_pick,421,0.260988,0.918216
z_broad,0.119588,0.0706057,0.0903141,OT,log_pick,421,0.260988,0.206273
z_cone,0.0863732,0.0789772,0.27411,OT,log_pick,421,0.260988,0.424604
z_shuttle,0.018316,0.0729058,0.801637,OT,log_pick,421,0.260988,0.873937
forty_missing,-0.0970019,0.247692,0.695337,OT,log_pick,421,0.260988,0.814161
bench_missing,-0.0265426,0.133259,0.842121,OT,log_pick,421,0.260988,0.886694
vertical_missing,0.073195,0.356183,0.837183,OT,log_pick,421,0.260988,0.886694
broad_missing,0.00358215,0.383848,0.992554,OT,log_pick,421,0.260988,0.997948
agility_missing,0.0725543,0.153821,0.637155,OT,log_pick,421,0.260988,0.770798
age_at_draft,-0.356854,0.0505085,1.60352e-12,OT,log_pick,421,0.260988,7.41627e-11
power_conf,0.172299,0.13842,0.21322,OT,log_pick,421,0.260988,0.365239
fbs,0.260622,0.179156,0.145746,OT,log_pick,421,0.260988,0.283822
draft_year_c,-0.171422,0.088696,0.0532737,OT,log_pick,421,0.260988,0.147099
z_height_in,-0.0521578,0.110008,0.635409,OT,drafted,626,0.164073,0.752117
z_weight_lb,0.552376,0.132576,3.09324e-05,OT,drafted,626,0.164073,0.000358816
z_forty,0.52687,0.141826,0.00020328,OT,drafted,626,0.164073,0.00208063
z_bench,0.091947,0.112415,0.413399,OT,drafted,626,0.164073,0.575452
z_vertical,0.0694127,0.113326,0.540205,OT,drafted,626,0.164073,0.681128
z_broad,0.225709,0.147878,0.126931,OT,drafted,626,0.164073,0.302547
z_cone,0.300703,0.147329,0.0412477,OT,drafted,626,0.164073,0.149523
z_shuttle,0.129802,0.151899,0.392813,OT,drafted,626,0.164073,0.558051
forty_missing,-0.194827,0.385181,0.612993,OT,drafted,626,0.164073,0.7407
bench_missing,-0.394067,0.230288,0.0870462,OT,drafted,626,0.164073,0.252434
vertical_missing,0.619872,0.524325,0.237115,OT,drafted,626,0.164073,0.421
broad_missing,-0.860543,0.497619,0.0837515,OT,drafted,626,0.164073,0.246996
agility_missing,-0.352641,0.308323,0.252733,OT,drafted,626,0.164073,0.435402
power_conf,0.771731,0.26235,0.0032651,OT,drafted,626,0.164073,0.0227251
fbs,0.727807,0.356523,0.0412111,OT,drafted,626,0.164073,0.149523
draft_year_c,-0.455473,0.18316,0.0128918,OT,drafted,626,0.164073,0.0679747
z_height_in,-0.0290762,0.0436644,0.505475,OT,draft_capital,626,0.235146,0.64199
z_weight_lb,0.302564,0.0551224,4.04322e-08,OT,draft_capital,626,0.235146,5.02514e-07
z_forty,0.3616,0.0568184,1.96402e-10,OT,draft_capital,626,0.235146,3.41739e-09
z_bench,0.0683804,0.0533108,0.199606,OT,draft_capital,626,0.235146,0.340504
z_vertical,0.00299088,0.047978,0.950293,OT,draft_capital,626,0.235146,0.961343
z_broad,0.143491,0.0583122,0.0138653,OT,draft_capital,626,0.235146,0.0482513
z_cone,0.102893,0.0603724,0.0883247,OT,draft_capital,626,0.235146,0.190779
z_shuttle,0.0209974,0.0574724,0.714851,OT,draft_capital,626,0.235146,0.812879
forty_missing,-0.182782,0.180402,0.310969,OT,draft_capital,626,0.235146,0.486359
bench_missing,-0.0663101,0.102602,0.518096,OT,draft_capital,626,0.235146,0.648551
vertical_missing,0.284431,0.255427,0.265471,OT,draft_capital,626,0.235146,0.42378
broad_missing,-0.282619,0.282598,0.317275,OT,draft_capital,626,0.235146,0.486359
agility_missing,-0.0498028,0.13766,0.717516,OT,draft_capital,626,0.235146,0.812879
power_conf,0.300831,0.101014,0.00290029,OT,draft_capital,626,0.235146,0.0144186
fbs,0.368789,0.12279,0.00266962,OT,draft_capital,626,0.235146,0.0136622
draft_year_c,-0.112869,0.0747396,0.131002,OT,draft_capital,626,0.235146,0.248437
z_height_in,0.0121595,0.0364362,0.738591,IOL,log_pick,492,0.156991,0.848691
z_weight_lb,0.134636,0.0392262,0.000598527,IOL,log_pick,492,0.156991,0.00369092
z_forty,0.153017,0.040927,0.000184924,IOL,log_pick,492,0.156991,0.00136844
z_bench,0.0409701,0.0347896,0.238934,IOL,log_pick,492,0.156991,0.394667
z_vertical,0.0460146,0.0445985,0.302189,IOL,log_pick,492,0.156991,0.446945
z_broad,0.0627892,0.0538505,0.243618,IOL,log_pick,492,0.156991,0.398843
z_cone,0.054732,0.0438304,0.211767,IOL,log_pick,492,0.156991,0.365239
z_shuttle,-0.0273585,0.0515327,0.595491,IOL,log_pick,492,0.156991,0.743305
forty_missing,0.163376,0.140897,0.246235,IOL,log_pick,492,0.156991,0.399591
bench_missing,-0.0956611,0.0884823,0.279638,IOL,log_pick,492,0.156991,0.425881
vertical_missing,0.415015,0.222858,0.0625697,IOL,log_pick,492,0.156991,0.160769
broad_missing,-0.532301,0.227498,0.0192938,IOL,log_pick,492,0.156991,0.0707339
agility_missing,0.0307346,0.104237,0.768106,IOL,log_pick,492,0.156991,0.861992
age_at_draft,-0.154518,0.0424212,0.000270029,IOL,log_pick,492,0.156991,0.00192136
power_conf,0.160687,0.0887523,0.0702159,IOL,log_pick,492,0.156991,0.177944
fbs,0.144363,0.133866,0.280851,IOL,log_pick,492,0.156991,0.425881
draft_year_c,-0.0943474,0.0586174,0.107497,IOL,log_pick,492,0.156991,0.2271
z_height_in,-0.0255794,0.0864734,0.767377,IOL,drafted,853,0.13179,0.857709
z_weight_lb,0.562695,0.0989663,1.30261e-08,IOL,drafted,853,0.13179,2.83317e-07
z_forty,0.445225,0.100786,9.98459e-06,IOL,drafted,853,0.13179,0.00013364
z_bench,0.221782,0.0813366,0.00639666,IOL,drafted,853,0.13179,0.0397507
z_vertical,-0.00293099,0.10209,0.977096,IOL,drafted,853,0.13179,0.986303
z_broad,0.169887,0.111147,0.126392,IOL,drafted,853,0.13179,0.302547
z_cone,0.228574,0.119842,0.0564812,IOL,drafted,853,0.13179,0.194795
z_shuttle,0.33974,0.119055,0.00432231,IOL,drafted,853,0.13179,0.0289262
forty_missing,0.454398,0.309278,0.141773,IOL,drafted,853,0.13179,0.318162
bench_missing,-0.405138,0.183924,0.0276122,IOL,drafted,853,0.13179,0.120694
vertical_missing,0.551149,0.431129,0.201114,IOL,drafted,853,0.13179,0.397657
broad_missing,-0.48691,0.453384,0.282846,IOL,drafted,853,0.13179,0.477817
agility_missing,-0.3533,0.242606,0.145318,IOL,drafted,853,0.13179,0.318162
power_conf,0.569217,0.204313,0.00533618,IOL,drafted,853,0.13179,0.0343887
fbs,0.276253,0.340902,0.417734,IOL,drafted,853,0.13179,0.576253
draft_year_c,-0.137278,0.126331,0.27719,IOL,drafted,853,0.13179,0.472853
z_height_in,-0.0157286,0.0264274,0.551736,IOL,draft_capital,853,0.180408,0.685729
z_weight_lb,0.192057,0.0289735,3.38565e-11,IOL,draft_capital,853,0.180408,7.36378e-10
z_forty,0.16705,0.0311706,8.35906e-08,IOL,draft_capital,853,0.180408,9.09048e-07
z_bench,0.0705184,0.0259083,0.00649181,IOL,draft_capital,853,0.180408,0.0275506
z_vertical,0.0325394,0.035205,0.355339,IOL,draft_capital,853,0.180408,0.505809
z_broad,0.094873,0.0416298,0.0226688,IOL,draft_capital,853,0.180408,0.0657396
z_cone,0.0527746,0.0349379,0.130909,IOL,draft_capital,853,0.180408,0.248437
z_shuttle,0.0395135,0.0394312,0.316301,IOL,draft_capital,853,0.180408,0.486359
forty_missing,0.199935,0.112268,0.0749337,IOL,draft_capital,853,0.180408,0.169331
bench_missing,-0.153039,0.0667476,0.0218599,IOL,draft_capital,853,0.180408,0.0644681
vertical_missing,0.374633,0.171426,0.02886,IOL,draft_capital,853,0.180408,0.0797085
broad_missing,-0.417169,0.177648,0.01886,IOL,draft_capital,853,0.180408,0.0596662
agility_missing,-0.0774599,0.0809549,0.338655,IOL,draft_capital,853,0.180408,0.495176
power_conf,0.209419,0.0619291,0.000720692,IOL,draft_capital,853,0.180408,0.00432415
fbs,0.110658,0.0871706,0.204285,IOL,draft_capital,853,0.180408,0.341785
draft_year_c,-0.0485015,0.0425804,0.254679,IOL,draft_capital,853,0.180408,0.410317
z_height_in,0.139976,0.0437622,0.0013811,EDGE,log_pick,647,0.312788,0.00730012
z_weight_lb,0.226304,0.0472829,1.6999e-06,EDGE,log_pick,647,0.312788,1.74711e-05
z_forty,0.417935,0.0498826,5.36627e-17,EDGE,log_pick,647,0.312788,4.9638e-15
z_bench,0.0510388,0.037477,0.173239,EDGE,log_pick,647,0.312788,0.320493
z_vertical,-0.0498436,0.0473871,0.292873,EDGE,log_pick,647,0.312788,0.436948
z_broad,0.113832,0.0584208,0.0513565,EDGE,log_pick,647,0.312788,0.143954
z_cone,0.0884541,0.0451527,0.0501128,EDGE,log_pick,647,0.312788,0.142629
z_shuttle,0.0577348,0.0439636,0.189102,EDGE,log_pick,647,0.312788,0.339649
forty_missing,0.163043,0.148329,0.271682,EDGE,log_pick,647,0.312788,0.424604
bench_missing,0.266382,0.0984239,0.0068001,EDGE,log_pick,647,0.312788,0.0299528
vertical_missing,0.340857,0.182643,0.0620068,EDGE,log_pick,647,0.312788,0.160769
broad_missing,0.0489663,0.170921,0.774506,EDGE,log_pick,647,0.312788,0.863155
agility_missing,-0.25592,0.110935,0.0210585,EDGE,log_pick,647,0.312788,0.0749196
age_at_draft,-0.312134,0.0421835,1.36782e-13,EDGE,log_pick,647,0.312788,8.4349e-12
power_conf,-0.0485064,0.104025,0.641003,EDGE,log_pick,647,0.312788,0.770798
fbs,0.612167,0.129975,2.47863e-06,EDGE,log_pick,647,0.312788,2.41341e-05
draft_year_c,-0.167421,0.0696094,0.0161662,EDGE,log_pick,647,0.312788,0.0636329
z_height_in,0.0573112,0.0955053,0.548451,EDGE,drafted,925,0.155631,0.68655
z_weight_lb,0.529333,0.106625,6.89077e-07,EDGE,drafted,925,0.155631,1.08999e-05
z_forty,0.769297,0.11742,5.68885e-11,EDGE,drafted,925,0.155631,1.64977e-09
z_bench,0.143298,0.100144,0.152453,EDGE,drafted,925,0.155631,0.327492
z_vertical,0.209355,0.123485,0.0900009,EDGE,drafted,925,0.155631,0.253586
z_broad,0.200385,0.127349,0.1156,EDGE,drafted,925,0.155631,0.295221
z_cone,0.27424,0.109017,0.0118844,EDGE,drafted,925,0.155631,0.0646212
z_shuttle,0.108691,0.111552,0.329882,EDGE,drafted,925,0.155631,0.517113
forty_missing,0.264503,0.302585,0.38204,EDGE,drafted,925,0.155631,0.550031
bench_missing,0.135985,0.19186,0.478468,EDGE,drafted,925,0.155631,0.625965
vertical_missing,-0.138109,0.429532,0.747806,EDGE,drafted,925,0.155631,0.844924
broad_missing,-0.427675,0.417482,0.305638,EDGE,drafted,925,0.155631,0.492417
agility_missing,-0.233478,0.227352,0.304446,EDGE,drafted,925,0.155631,0.492417
power_conf,0.259436,0.221878,0.242294,EDGE,drafted,925,0.155631,0.42585
fbs,0.45178,0.359229,0.208522,EDGE,drafted,925,0.155631,0.398713
draft_year_c,-0.361238,0.141889,0.0108993,EDGE,drafted,925,0.155631,0.0611765
z_height_in,0.0874791,0.0351662,0.0128612,EDGE,draft_capital,925,0.25899,0.0456704
z_weight_lb,0.280844,0.0392167,7.98899e-13,EDGE,draft_capital,925,0.25899,1.98583e-11
z_forty,0.446626,0.0455403,1.04768e-22,EDGE,draft_capital,925,0.25899,6.07655e-21
z_bench,0.0246624,0.0350952,0.482225,EDGE,draft_capital,925,0.25899,0.634921
z_vertical,-0.0289181,0.0418911,0.489995,EDGE,draft_capital,925,0.25899,0.636262
z_broad,0.155539,0.0504837,0.00206322,EDGE,draft_capital,925,0.25899,0.0108788
z_cone,0.104268,0.040021,0.00917887,EDGE,draft_capital,925,0.25899,0.0371424
z_shuttle,0.0547556,0.0384023,0.153915,EDGE,draft_capital,925,0.25899,0.27897
forty_missing,0.181076,0.135433,0.181219,EDGE,draft_capital,925,0.25899,0.318506
bench_missing,0.239104,0.0829969,0.00396577,EDGE,draft_capital,925,0.25899,0.0181591
vertical_missing,0.162813,0.1657,0.325817,EDGE,draft_capital,925,0.25899,0.488725
broad_missing,-0.0187799,0.154507,0.903257,EDGE,draft_capital,925,0.25899,0.941119
agility_missing,-0.241177,0.09385,0.0101753,EDGE,draft_capital,925,0.25899,0.0393444
power_conf,0.075835,0.0848924,0.371693,EDGE,draft_capital,925,0.25899,0.521569
fbs,0.466538,0.101827,4.613e-06,EDGE,draft_capital,925,0.25899,4.45923e-05
draft_year_c,-0.158889,0.0592793,0.00735477,EDGE,draft_capital,925,0.25899,0.0304697
z_height_in,0.0837409,0.0473296,0.0768417,IDL,log_pick,492,0.223214,0.189543
z_weight_lb,0.225296,0.051911,1.42456e-05,IDL,log_pick,492,0.223214,0.000119792
z_forty,0.198217,0.0564411,0.00044487,IDL,log_pick,492,0.223214,0.00283796
z_bench,0.109785,0.0399655,0.00601418,IDL,log_pick,492,0.223214,0.0278156
z_vertical,2.13447e-05,0.0633476,0.999731,IDL,log_pick,492,0.223214,0.999731
z_broad,0.147545,0.0623147,0.0178968,IDL,log_pick,492,0.223214,0.0675696
z_cone,0.173021,0.055194,0.00171979,IDL,log_pick,492,0.223214,0.00862657
z_shuttle,-0.163568,0.0521939,0.00172531,IDL,log_pick,492,0.223214,0.00862657
forty_missing,0.218359,0.168003,0.193691,IDL,log_pick,492,0.223214,0.341266
bench_missing,0.137977,0.0985522,0.161502,IDL,log_pick,492,0.223214,0.311228
vertical_missing,-0.0445191,0.189656,0.814414,IDL,log_pick,492,0.223214,0.873937
broad_missing,0.106579,0.204352,0.601987,IDL,log_pick,492,0.223214,0.743305
agility_missing,-0.0254913,0.110251,0.817151,IDL,log_pick,492,0.223214,0.873937
age_at_draft,-0.255573,0.042148,1.33018e-09,IDL,log_pick,492,0.223214,3.07605e-08
power_conf,0.256584,0.119016,0.0310937,IDL,log_pick,492,0.223214,0.0991781
fbs,0.25929,0.203539,0.202696,IDL,log_pick,492,0.223214,0.353762
draft_year_c,-0.328877,0.0624489,1.39166e-07,IDL,log_pick,492,0.223214,1.60911e-06
z_height_in,0.121169,0.0997924,0.224666,IDL,drafted,707,0.112611,0.416299
z_weight_lb,0.60227,0.123782,1.14118e-06,IDL,drafted,707,0.112611,1.65472e-05
z_forty,0.730075,0.118288,6.74283e-10,IDL,drafted,707,0.112611,1.67608e-08
z_bench,0.167101,0.0951287,0.0789895,IDL,drafted,707,0.112611,0.236968
z_vertical,-0.152225,0.122974,0.215769,IDL,drafted,707,0.112611,0.408084
z_broad,-0.0132526,0.12768,0.917332,IDL,drafted,707,0.112611,0.973267
z_cone,0.0562058,0.127437,0.65918,IDL,drafted,707,0.112611,0.76978
z_shuttle,0.264628,0.123444,0.032056,IDL,drafted,707,0.112611,0.128216
forty_missing,-0.390735,0.336722,0.245883,IDL,drafted,707,0.112611,0.427836
bench_missing,0.0178158,0.207044,0.931428,IDL,drafted,707,0.112611,0.976316
vertical_missing,0.521505,0.399483,0.191739,IDL,drafted,707,0.112611,0.387938
broad_missing,-0.0678073,0.383725,0.859738,IDL,drafted,707,0.112611,0.929157
agility_missing,0.0151192,0.2322,0.948084,IDL,drafted,707,0.112611,0.984286
power_conf,0.194115,0.280274,0.488568,IDL,drafted,707,0.112611,0.634409
fbs,0.547833,0.58668,0.350415,IDL,drafted,707,0.112611,0.539576
draft_year_c,-0.248628,0.136891,0.0693314,IDL,drafted,707,0.112611,0.215423
z_height_in,0.105287,0.0408621,0.00997668,IDL,draft_capital,707,0.19086,0.0393444
z_weight_lb,0.263746,0.0422763,4.41447e-10,IDL,draft_capital,707,0.19086,6.98289e-09
z_forty,0.291766,0.0476946,9.51221e-10,IDL,draft_capital,707,0.19086,1.37927e-08
z_bench,0.110373,0.0351219,0.00167471,IDL,draft_capital,707,0.19086,0.00910621
z_vertical,-0.0359291,0.0537383,0.503755,IDL,draft_capital,707,0.19086,0.64199
z_broad,0.0905102,0.0563201,0.10804,IDL,draft_capital,707,0.19086,0.218592
z_cone,0.140022,0.0502556,0.0053329,IDL,draft_capital,707,0.19086,0.023793
z_shuttle,-0.0467789,0.0479643,0.329418,IDL,draft_capital,707,0.19086,0.489904
forty_missing,-0.0249796,0.145837,0.864,IDL,draft_capital,707,0.19086,0.941119
bench_missing,0.0813592,0.0884306,0.357555,IDL,draft_capital,707,0.19086,0.505809
vertical_missing,0.145166,0.152915,0.342455,IDL,draft_capital,707,0.19086,0.496559
broad_missing,0.0246187,0.160106,0.877795,IDL,draft_capital,707,0.19086,0.941119
agility_missing,-0.0120404,0.0959807,0.900171,IDL,draft_capital,707,0.19086,0.941119
power_conf,0.251199,0.104294,0.0160147,IDL,draft_capital,707,0.19086,0.0525765
fbs,0.404506,0.166044,0.0148454,IDL,draft_capital,707,0.19086,0.050649
draft_year_c,-0.244788,0.054651,7.49518e-06,IDL,draft_capital,707,0.19086,6.86401e-05
z_height_in,0.0101038,0.0374383,0.787254,LB,log_pick,510,0.244721,0.866917
z_weight_lb,0.134888,0.037751,0.000352776,LB,log_pick,510,0.244721,0.00233084
z_forty,0.230703,0.0420274,4.0339e-08,LB,log_pick,510,0.244721,5.3305e-07
z_bench,-0.037013,0.0301363,0.219376,LB,log_pick,510,0.244721,0.372336
z_vertical,0.0545728,0.0478358,0.253939,LB,log_pick,510,0.244721,0.404989
z_broad,0.0484085,0.0602783,0.421926,LB,log_pick,510,0.244721,0.59585
z_cone,0.0409502,0.0343723,0.233507,LB,log_pick,510,0.244721,0.389178
z_shuttle,-0.00872369,0.0377511,0.817249,LB,log_pick,510,0.244721,0.873937
forty_missing,-0.0375053,0.120199,0.755021,LB,log_pick,510,0.244721,0.856926
bench_missing,0.138481,0.0801993,0.0842204,LB,log_pick,510,0.244721,0.195441
vertical_missing,0.104036,0.131422,0.428584,LB,log_pick,510,0.244721,0.596151
broad_missing,0.11948,0.127691,0.349426,LB,log_pick,510,0.244721,0.50503
agility_missing,-0.119994,0.0772999,0.120586,LB,log_pick,510,0.244721,0.245148
age_at_draft,-0.200707,0.0338579,3.06769e-09,LB,log_pick,510,0.244721,5.67522e-08
power_conf,0.180447,0.0866262,0.0372462,LB,log_pick,510,0.244721,0.114843
fbs,0.0333554,0.194437,0.863792,LB,log_pick,510,0.244721,0.902834
draft_year_c,-0.190411,0.0568702,0.000813481,LB,log_pick,510,0.244721,0.00456042
z_height_in,-0.0620627,0.092591,0.502674,LB,drafted,792,0.155376,0.647891
z_weight_lb,0.422432,0.100363,2.56464e-05,LB,drafted,792,0.155376,0.000318749
z_forty,0.83536,0.112476,1.11089e-13,LB,drafted,792,0.155376,4.83238e-12
z_bench,0.207279,0.0968972,0.0324223,LB,drafted,792,0.155376,0.128216
z_vertical,0.0865372,0.121393,0.475927,LB,drafted,792,0.155376,0.625965
z_broad,0.117047,0.132146,0.375756,LB,drafted,792,0.155376,0.549425
z_cone,0.126865,0.105684,0.229979,LB,drafted,792,0.155376,0.416299
z_shuttle,0.149977,0.106521,0.159146,LB,drafted,792,0.155376,0.337701
forty_missing,0.274034,0.305089,0.369072,LB,drafted,792,0.155376,0.548877
bench_missing,-0.142942,0.196394,0.466716,LB,drafted,792,0.155376,0.619913
vertical_missing,-0.36424,0.362914,0.315545,LB,drafted,792,0.155376,0.499135
broad_missing,-0.0980962,0.353774,0.781562,LB,drafted,792,0.155376,0.866189
agility_missing,0.352543,0.211324,0.0952644,LB,drafted,792,0.155376,0.253586
power_conf,0.212665,0.227563,0.350029,LB,drafted,792,0.155376,0.539576
fbs,0.693487,0.538241,0.197596,LB,drafted,792,0.155376,0.395192
draft_year_c,-0.466561,0.142316,0.0010442,LB,drafted,792,0.155376,0.010035
z_height_in,-0.0103453,0.0319205,0.745865,LB,draft_capital,792,0.234737,0.831926
z_weight_lb,0.174613,0.0324339,7.29947e-08,LB,draft_capital,792,0.234737,8.46739e-07
z_forty,0.308318,0.0348177,8.35242e-19,LB,draft_capital,792,0.234737,2.4222e-17
z_bench,0.00915855,0.025497,0.719444,LB,draft_capital,792,0.234737,0.812879
z_vertical,0.0561269,0.0412364,0.173482,LB,draft_capital,792,0.234737,0.308019
z_broad,0.0726561,0.0502798,0.148448,LB,draft_capital,792,0.234737,0.271894
z_cone,0.0337718,0.0320202,0.291562,LB,draft_capital,792,0.234737,0.461198
z_shuttle,0.0108781,0.0327889,0.740068,LB,draft_capital,792,0.234737,0.830787
forty_missing,-0.0534061,0.102284,0.601578,LB,draft_capital,792,0.234737,0.71745
bench_missing,0.0834554,0.0677459,0.217991,LB,draft_capital,792,0.234737,0.359016
vertical_missing,0.0187318,0.122696,0.878659,LB,draft_capital,792,0.234737,0.941119
broad_missing,0.0537667,0.118605,0.650316,LB,draft_capital,792,0.234737,0.76456
agility_missing,-0.0168774,0.0636085,0.790754,LB,draft_capital,792,0.234737,0.876377
power_conf,0.144847,0.0691504,0.0362008,LB,draft_capital,792,0.234737,0.0926315
fbs,0.218082,0.136594,0.110361,LB,draft_capital,792,0.234737,0.220721
draft_year_c,-0.168581,0.0461844,0.000262062,LB,draft_capital,792,0.234737,0.0017538
z_height_in,0.106765,0.0398718,0.00741289,CB,log_pick,631,0.248392,0.0318927
z_weight_lb,0.0599003,0.0376887,0.111983,CB,log_pick,631,0.248392,0.232774
z_forty,0.200658,0.0334571,2.00401e-09,CB,log_pick,631,0.248392,4.11936e-08
z_bench,0.0446985,0.0283723,0.115158,CB,log_pick,631,0.248392,0.236714
z_vertical,0.00515832,0.0374892,0.890561,CB,log_pick,631,0.248392,0.918216
z_broad,0.144653,0.0422611,0.000619678,CB,log_pick,631,0.248392,0.00369808
z_cone,0.0204305,0.0347383,0.556448,CB,log_pick,631,0.248392,0.705088
z_shuttle,0.0453673,0.0371972,0.2226,CB,log_pick,631,0.248392,0.374373
forty_missing,0.0925831,0.198927,0.641637,CB,log_pick,631,0.248392,0.770798
bench_missing,0.00630406,0.0790965,0.936475,CB,log_pick,631,0.248392,0.951912
vertical_missing,0.326489,0.131816,0.0132548,CB,log_pick,631,0.248392,0.0533075
broad_missing,-0.230573,0.121582,0.0579007,CB,log_pick,631,0.248392,0.157524
agility_missing,0.107183,0.0772168,0.165113,CB,log_pick,631,0.248392,0.314906
age_at_draft,-0.209912,0.0333961,3.26798e-10,CB,log_pick,631,0.248392,1.00763e-08
power_conf,0.238991,0.0844833,0.00467154,CB,log_pick,631,0.248392,0.0221599
fbs,0.110376,0.107622,0.305087,CB,log_pick,631,0.248392,0.446945
draft_year_c,-0.277116,0.048448,1.06608e-08,CB,log_pick,631,0.248392,1.79295e-07
z_height_in,0.0256675,0.10729,0.810924,CB,drafted,906,0.163954,0.887426
z_weight_lb,0.236855,0.101759,0.0199333,CB,drafted,906,0.163954,0.0937403
z_forty,0.890702,0.104619,1.68397e-17,CB,drafted,906,0.163954,1.46505e-15
z_bench,0.198015,0.0902727,0.0282698,CB,drafted,906,0.163954,0.120694
z_vertical,0.000400885,0.11132,0.997127,CB,drafted,906,0.163954,0.997127
z_broad,0.188057,0.111823,0.0926198,CB,drafted,906,0.163954,0.253586
z_cone,0.031976,0.0987312,0.746037,CB,drafted,906,0.163954,0.844924
z_shuttle,0.178182,0.0970822,0.06645,CB,drafted,906,0.163954,0.210224
forty_missing,-0.939139,0.310234,0.00246832,CB,drafted,906,0.163954,0.0195222
bench_missing,0.0998731,0.201441,0.62004,CB,drafted,906,0.163954,0.744048
vertical_missing,0.457981,0.381575,0.230047,CB,drafted,906,0.163954,0.416299
broad_missing,-0.175427,0.377468,0.642113,CB,drafted,906,0.163954,0.754917
agility_missing,-0.289547,0.199304,0.146281,CB,drafted,906,0.163954,0.318162
power_conf,-0.199201,0.22364,0.373078,CB,drafted,906,0.163954,0.549425
fbs,0.772417,0.352513,0.0284394,CB,drafted,906,0.163954,0.120694
draft_year_c,-0.258875,0.133377,0.0522679,CB,drafted,906,0.163954,0.185604
z_height_in,0.0613158,0.0360321,0.0888111,CB,draft_capital,906,0.250801,0.190779
z_weight_lb,0.109227,0.0340231,0.0013256,CB,draft_capital,906,0.250801,0.00744048
z_forty,0.318025,0.0292154,1.35102e-27,CB,draft_capital,906,0.250801,1.17539e-25
z_bench,0.0637423,0.0264078,0.0157883,CB,draft_capital,906,0.250801,0.0525765
z_vertical,-0.00477502,0.0349982,0.891476,CB,draft_capital,906,0.250801,0.941119
z_broad,0.142631,0.0381065,0.000181873,CB,draft_capital,906,0.250801,0.00135211
z_cone,0.019902,0.0305556,0.514829,CB,draft_capital,906,0.250801,0.648551
z_shuttle,0.0752192,0.031861,0.0182329,CB,draft_capital,906,0.250801,0.0587504
forty_missing,-0.170835,0.138895,0.218711,CB,draft_capital,906,0.250801,0.359016
bench_missing,0.0277487,0.0683973,0.684964,CB,draft_capital,906,0.250801,0.789296
vertical_missing,0.382323,0.132157,0.00381646,CB,draft_capital,906,0.250801,0.0179477
broad_missing,-0.261413,0.126259,0.0384099,CB,draft_capital,906,0.250801,0.0968597
agility_missing,0.0323607,0.0672827,0.630541,CB,draft_capital,906,0.250801,0.746354
power_conf,0.149468,0.0711243,0.0355966,CB,draft_capital,906,0.250801,0.092445
fbs,0.237061,0.0945815,0.012196,CB,draft_capital,906,0.250801,0.0442106
draft_year_c,-0.207009,0.0431163,1.57732e-06,CB,draft_capital,906,0.250801,1.61443e-05
z_height_in,-0.0621115,0.0376506,0.0990087,S,log_pick,457,0.209175,0.223373
z_weight_lb,0.0828325,0.0442603,0.0612778,S,log_pick,457,0.209175,0.160769
z_forty,0.222701,0.0392161,1.35631e-08,S,log_pick,457,0.209175,2.08751e-07
z_bench,-0.0507572,0.0388498,0.191383,S,log_pick,457,0.209175,0.340441
z_vertical,0.0338384,0.0472568,0.473958,S,log_pick,457,0.209175,0.635378
z_broad,0.062871,0.0457496,0.169367,S,log_pick,457,0.209175,0.316494
z_cone,0.0661511,0.038347,0.0845152,S,log_pick,457,0.209175,0.195441
z_shuttle,0.0315007,0.0395119,0.425309,S,log_pick,457,0.209175,0.596077
forty_missing,-0.032891,0.111897,0.768803,S,log_pick,457,0.209175,0.861992
bench_missing,0.148469,0.0923813,0.108026,S,log_pick,457,0.209175,0.2271
vertical_missing,-0.015984,0.184162,0.930836,S,log_pick,457,0.209175,0.951407
broad_missing,0.137296,0.17941,0.444113,S,log_pick,457,0.209175,0.608599
agility_missing,0.0554118,0.088511,0.531286,S,log_pick,457,0.209175,0.682555
age_at_draft,-0.203601,0.0383571,1.10817e-07,S,log_pick,457,0.209175,1.36675e-06
power_conf,0.0497636,0.095598,0.60268,S,log_pick,457,0.209175,0.743305
fbs,0.303708,0.175067,0.0827743,S,log_pick,457,0.209175,0.195441
draft_year_c,-0.129075,0.058577,0.0275587,S,log_pick,457,0.209175,0.0926051
z_height_in,0.191737,0.101592,0.0591152,S,drafted,714,0.151721,0.197809
z_weight_lb,0.315226,0.105485,0.00280484,S,drafted,714,0.151721,0.0207528
z_forty,0.841541,0.117603,8.32086e-13,S,drafted,714,0.151721,2.89566e-11
z_bench,0.0078047,0.0888506,0.930003,S,drafted,714,0.151721,0.976316
z_vertical,0.228267,0.123425,0.0643946,S,drafted,714,0.151721,0.207494
z_broad,-0.0603851,0.140251,0.666794,S,drafted,714,0.151721,0.773481
z_cone,0.153997,0.103888,0.138252,S,drafted,714,0.151721,0.318162
z_shuttle,0.0852773,0.105884,0.420599,S,drafted,714,0.151721,0.576253
forty_missing,0.303933,0.336394,0.366259,S,drafted,714,0.151721,0.548877
bench_missing,-0.158116,0.210307,0.45215,S,drafted,714,0.151721,0.605185
vertical_missing,-0.165081,0.424604,0.697433,S,drafted,714,0.151721,0.799501
broad_missing,0.105493,0.414131,0.798929,S,drafted,714,0.151721,0.879833
agility_missing,0.278582,0.21977,0.204938,S,drafted,714,0.151721,0.398713
power_conf,0.186986,0.234723,0.425671,S,drafted,714,0.151721,0.578646
fbs,-0.171791,0.443375,0.698414,S,drafted,714,0.151721,0.799501
draft_year_c,-0.318222,0.138714,0.0217857,S,drafted,714,0.151721,0.0997557
z_height_in,-0.0177206,0.0323512,0.58386,S,draft_capital,714,0.204027,0.707325
z_weight_lb,0.139803,0.0367357,0.000141445,S,draft_capital,714,0.204027,0.0011187
z_forty,0.299907,0.0330962,1.28447e-19,S,draft_capital,714,0.204027,4.46997e-18
z_bench,-0.0493099,0.0292144,0.0914375,S,draft_capital,714,0.204027,0.194026
z_vertical,0.0603629,0.040008,0.131357,S,draft_capital,714,0.204027,0.248437
z_broad,0.0168428,0.0410451,0.68155,S,draft_capital,714,0.204027,0.789296
z_cone,0.0602146,0.0296375,0.0421839,S,draft_capital,714,0.204027,0.104814
z_shuttle,0.0279302,0.0320757,0.383886,S,draft_capital,714,0.204027,0.534369
forty_missing,-0.00142009,0.104902,0.989199,S,draft_capital,714,0.204027,0.989199
bench_missing,0.0962178,0.072893,0.18684,S,draft_capital,714,0.204027,0.325101
vertical_missing,-0.0192347,0.150994,0.898634,S,draft_capital,714,0.204027,0.941119
broad_missing,0.0815322,0.149448,0.585373,S,draft_capital,714,0.204027,0.707325
agility_missing,0.0695013,0.072365,0.336841,S,draft_capital,714,0.204027,0.495176
power_conf,0.114087,0.0735277,0.120754,S,draft_capital,714,0.204027,0.236081
fbs,0.0853789,0.120341,0.478031,S,draft_capital,714,0.204027,0.634921
draft_year_c,-0.0997085,0.045792,0.0294492,S,draft_capital,714,0.204027,0.0800649
